Workbook

Sheet 概览
A1: 测试报告
A2: 📌 项目信息 | D2: 🧪 执行摘要
A3: 项目名称 | B3: =环境信息!B3 -> 事项计划模块测试 | D3: 用例总数 | E3: =COUNTA(执行记录!A2:A9992) -> 25
A4: 版本号 | B4: =环境信息!B4 -> 0 | D4: 通过 | E4: =COUNTIF(执行记录!J2:J9992,"通过") -> 23
A5: 测试阶段 | B5: =环境信息!B6 -> 功能/接口/回归/ | D5: 失败 | E5: =COUNTIF(执行记录!J2:J9992,"失败") -> 0
A6: 测试时间 | B6: =环境信息!B12 -> 2025.10.14-2025.10.17 | D6: 阻塞 | E6: =COUNTIF(执行记录!J2:J9992,"阻塞") -> 0
A7: 负责人 | B7: =环境信息!B13 -> 柯锦鸿 | D7: 跳过 | E7: =COUNTIF(执行记录!J2:J9992,"跳过") -> 2
A9: 📈 通过率（排除跳过） | B9: =IF((E3-E7)>0,E4/(E3-E7),"") -> 1 | D9: 🐞 缺陷摘要
A10: 注：如需以 Allure 为准，请到“附：Allure粘贴(可选)”填写指标。 | D10: 缺陷总数 | E10: =COUNTA('缺陷汇总(BUG)'!A2:A10000) -> 13
D11: 未关闭（确认修复） | E11: =COUNTA('缺陷汇总(BUG)'!A2:A10000)-COUNTIF('缺陷汇总(BUG)'!K2:K10000,"关闭") -> 0
A20: 📜 备注：
A21: 1）将实际测试数据填写到“执行记录”和“缺陷汇总(BUG)”页，概览会自动更新。 2）在“用例统计”页的A列填模块名，可自动汇总该模块通过率。 3）如需提交管理层，请导出为PDF，并附上 Allure 报告作为技术附件。

Sheet 环境信息
A1: 环境信息 / 项目元数据（填写本页，概览 将自动汇总）
A2: 字段 | B2: 填写
A3: 项目名称 | B3: 事项计划模块测试
A4: 版本号
A5: 被测范围（模块）
A6: 测试类型 | B6: 功能/接口/回归/
A7: 测试阶段 | B7: 单元/集成/系统/验收
A8: 测试环境地址
A9: 后端版本/分支
A10: 数据库/版本
A11: 客户端设备/系统
A12: 测试起止日期 | B12: 2025.10.14-2025.10.17
A13: 测试负责人 | B13: 柯锦鸿
A14: 测试参与人员
A15: 使用框架与工具 | B15: pytest + requests + allure / postman
A16: Allure报告路径(可选) | B16: 例如：reports/allure-report/index.html
A17: 备注

Sheet 缺陷汇总(BUG)
A1: BUG编号 | B1: 模块 | C1: 严重程度 | D1: 优先级 | E1: 标题 | F1: 复现步骤 | G1: 期望结果 | H1: 实际结果 | I1: 截图/证据（链接） | J1: 责任人 | K1: 状态 | L1: 创建日期 | M1: 修复版本 | N1: 备注
A2: BUG-001 | B2: 事项单 | E2: 催办参数异常 | F2: 事项操作里点催办 | G2: 返回200，操作成功 | H2: 参数校验异常，返回400 | J2: 前端开发 | K2: 关闭
A3: BUG-002 | E3: 处理时限显示异常 | F3: 事项截止时间设置为今天以前 | G3: 显示超期 | H3: 仍显示未超期 | J3: 后端开发 | K3: 关闭
A4: BUG-003 | E4: 内部管理事项、跨部门协作事项、生产任务事项里，发起事项中备注为必填项 | F4: ①内部管理事项、跨部门协作事项、生产任务事项里点发起事项，其他填好 ②不填备注 ③提交 | G4: 不用输入备注即可提交 | H4: 备注显示“请输入备注” | J4: 前端开发 | K4: 关闭
A5: BUG-004 | E5: 调用移除执行人接口异常， | F5: postman传任务的executeId | G5: { "msg": "操作成功", "code": 200 } | H5: 返回 { "msg": "发生未知异常", "code": 400 } | J5: 后端开发 | K5: 关闭
A6: BUG-005 | E6: 前端没有移除执行人按键 | F6: 点击任务详情界面 | G6: 点击移除可移除执行人 | H6: 没有移除执行人按键 | J6: 前端开发 | K6: 关闭
A7: BUG-006 | E7: 移除执行人按键无效 | F7: 任务详情界面内执行人部分，点击移除 | G7: 成功移除 | H7: 没反应 | J7: 前端开发 | K7: 关闭
A8: BUG-007 | E8: 不是审批人调接口也能审批 | F8: postman调用/task/audit接口审批审批人不为自己的事项 | G8: 不可审批 | H8: 通过调整参数决定审批结果 { "msg": "操作成功", "code": 200 } | J8: 后端开发 | K8: 关闭
A9: BUG-008 | E9: 事件详情里，文件预览为空 | F9: 事项详情里点附件 | G9: 有文件预览 | H9: 没有文件 | J9: 前端开发 | K9: 关闭
A10: BUG-009 | E10: 没填审批人仍能发起事项 | F10: 零星事项发起事项 | G10: 前端提示“零星事项需要至少添加一位审批人！” | H10: 发起成功 | J10: 前端开发 | K10: 关闭
A11: BUG-010 | E11: 审批人看不到执行人提交的文件 | F11: 审批人点击详情查看执行人提交的附件 | G11: 有文件预览 | H11: 没有文件 | J11: 前端开发 | K11: 关闭
A12: BUG-011 | E12: 事项状态显示异常 | F12: 在任务列表里点击完结 | G12: 显示已完结 | H12: 显示已完成 | J12: 前端开发 | K12: 关闭
A13: BUG-012 | E13: 内部管理事项可以添加空审批 | F13: 内部管理事项发起事项，填好必填项，新增空的审批人 | G13: 没有审批人，跳过审批流程 | H13: 发起成功，且显示审批人为空 | J13: 前端开发 | K13: 关闭
A14: BUG-013 | E14: 事项详情执行情况显示异常 | F14: 行政综合事项详情里，执行人提交后，发起人查看执行情况，执行人操作栏显示异常 | G14: 变更、退回、移除显示正常 | H14: 变更、退回、移除显示异常，难以定位 | J14: 前端开发 | K14: 关闭

Sheet 执行记录
A1: Case ID | B1: 模块 | C1: 用例标题 | D1: 优先级 | E1: 类型 | F1: 前置条件 | G1: 步骤 | H1: 预期结果 | I1: 实际结果 | J1: 结论 | K1: 关联BUG | L1: 执行人 | M1: 执行日期
A2: TC001 | B2: 查询模块 | C2: 查询事项任务列表返回分页数据 | E2: 接口 | F2: 已获取有效 Authorization；系统中存在至少一条事项任务。 | G2: POST /task/query | H2: 响应 200 且包含 total/pageNum/pageSize 字段以及 rows 数组。 | J2: 通过 | M2: 45947.073
A3: TC002 | B3: 查询模块 | C3: 查询事项任务详情 | E3: 接口 | F3: 存在可访问的任务 ID。 | G3: GET /task/detail | H3: 响应 200，data.id 与请求一致且包含 executes 列表。 | J3: 通过 | M3: 45947.073
A4: TC003 | B4: 查询模块 | C4: 查询事项任务详情（无子任务树） | E4: 接口 | F4: 存在可访问的任务 ID。 | G4: GET /task/detail/noTree | H4: 响应 200，返回 AjaxResult 格式且 data 字段存在。 | J4: 通过 | M4: 45947.073
A5: TC004 | B5: 查询模块 | C5: 查询任务执行人与审批人信息 | E5: 接口 | F5: 任务存在，且已分配执行人。 | G5: GET /task/queryExecute | H5: 响应 200，data 为执行人/审批人信息数组。 | J5: 通过 | M5: 45947.073
A6: TC005 | C6: 执行记录反查任务 | E6: 接口 | F6: 任务存在执行记录。 | G6: GET /task/executeIdToTaskId | H6: 响应 200 且 data 等于目标任务 ID。 | J6: 通过 | M6: 45947.073
A7: TC006 | C7: 催办任务 | E7: 接口 | F7: 任务处于可催办状态，存在执行人。 | G7: POST /task/urge | H7: 响应 200，返回成功消息。 | J7: 通过 | M7: 45947.073
A8: TC007 | C8: 更新任务基本信息 | E8: 接口 | F8: 任务详情可查询且具有必填字段。 | G8: POST /task/update | H8: 响应 200，AjaxResult 表示更新成功。 | J8: 通过 | M8: 45947.073
A9: TC008 | B9: 查询模块 | C9: 查询任务模板列表 | E9: 接口 | F9: 系统中存在至少一个任务模板。 | G9: GET /task/template/query | H9: 响应 200，data 为模板列表。 | J9: 通过 | M9: 45947.073
A10: TC009 | C10: 新增任务模板 | E10: 接口 | F10: 具备模板示例用于复制生成新模板。 | G10: POST /task/template/add | H10: 响应 200，新增模板可在后续查询中检索到。 | J10: 通过 | M10: 45947.073
A11: TC010 | C11: 更新任务模板 | E11: 接口 | F11: 存在可编辑模板。 | G11: POST /task/template/update | H11: 响应 200，返回成功消息。 | J11: 通过 | M11: 45947.073
A12: TC011 | C12: 删除任务模板 | E12: 接口 | F12: 存在可删除的模板 ID。 | G12: POST /task/template/delete | H12: 响应 200，模板自列表中移除。 | J12: 通过 | M12: 45947.073
A13: TC012 | C13: 重新打开任务 | E13: 接口 | F13: 任务存在且可被重新打开。 | G13: POST /task/open | H13: 响应 200，AjaxResult 表示操作成功。 | J13: 通过 | M13: 45947.073
A14: TC013 | C14: 关闭任务后恢复 | E14: 接口 | F14: 任务存在并允许关闭。 | G14: POST /task/close | H14: 响应 200，随后通过 /task/open 可恢复状态。 | J14: 通过 | M14: 45947.073
A15: TC014 | C15: 完结任务后恢复 | E15: 接口 | F15: 任务存在并允许完结。 | G15: POST /task/end | H15: 响应 200，随后通过 /task/open 可恢复执行。 | J15: 通过 | M15: 45947.073
A16: TC015 | C16: 完成任务后恢复 | E16: 接口 | F16: 任务存在并允许完成。 | G16: POST /task/complete | H16: 响应 200，随后通过 /task/open 可恢复执行。 | J16: 通过 | M16: 45947.073
A17: TC016 | C17: 审批任务通过 | E17: 接口 | F17: 任务存在待审批记录，当前用户具备审批权限。 | G17: POST /task/audit | H17: 响应 200，返回成功消息。 | J17: 跳过 | M17: 45947.073
A18: TC017 | C18: 撤销审批结果 | E18: 接口 | F18: 任务存在可撤销的审批记录。 | G18: POST /task/audit/cancel | H18: 响应 200，返回成功消息。 | J18: 跳过 | M18: 45947.073
A19: TC018 | C19: 执行人提交执行记录 | E19: 接口 | F19: 任务存在执行记录且当前用户为执行人。 | G19: POST /task/execute/submit | H19: 响应 200 或 400 且结构符合 AjaxResult。 | J19: 通过 | M19: 45947.073
A20: TC019 | C20: 撤回执行提交 | E20: 接口 | F20: 执行记录存在且允许撤回。 | G20: POST /task/execute/submit/revoke | H20: 响应 200，返回成功消息。 | J20: 通过 | M20: 45947.073
A21: TC020 | C21: 保存执行备注与附件 | E21: 接口 | F21: 执行记录存在。 | G21: POST /task/execute/attachAndComment/save | H21: 响应 200 或 400 且结构符合 AjaxResult。 | J21: 通过 | M21: 45947.073
... A26: TC025 | C26: 创建任务接口的必填校验 | E26: 接口 | F26: 提供最小化任务 payload；部分字段缺失。 | G26: POST /task/add | H26: 响应 200 或 400，但返回结构符合 AjaxResult。 | J26: 通过 | M26: 45947.073

Sheet 用例统计
A1: 模块 | B1: 用例数 | C1: 通过 | D1: 失败 | E1: 阻塞 | F1: 跳过 | G1: 通过率
B2: =COUNTIF(执行记录!B:B,$A2) -> 0 | C2: =COUNTIFS(执行记录!B:B,$A2,执行记录!J:J,"通过") -> 0 | D2: =COUNTIFS(执行记录!B:B,$A2,执行记录!J:J,"失败") -> 0 | E2: =COUNTIFS(执行记录!B:B,$A2,执行记录!J:J,"阻塞") -> 0 | F2: =COUNTIFS(执行记录!B:B,$A2,执行记录!J:J,"跳过") -> 0 | G2: =IF(B2>0,(C2)/(B2),"")
B3: =COUNTIF(执行记录!B:B,$A3) -> 0 | C3: =COUNTIFS(执行记录!B:B,$A3,执行记录!J:J,"通过") -> 0 | D3: =COUNTIFS(执行记录!B:B,$A3,执行记录!J:J,"失败") -> 0 | E3: =COUNTIFS(执行记录!B:B,$A3,执行记录!J:J,"阻塞") -> 0 | F3: =COUNTIFS(执行记录!B:B,$A3,执行记录!J:J,"跳过") -> 0 | G3: =IF(B3>0,(C3)/(B3),"")
B4: =COUNTIF(执行记录!B:B,$A4) -> 0 | C4: =COUNTIFS(执行记录!B:B,$A4,执行记录!J:J,"通过") -> 0 | D4: =COUNTIFS(执行记录!B:B,$A4,执行记录!J:J,"失败") -> 0 | E4: =COUNTIFS(执行记录!B:B,$A4,执行记录!J:J,"阻塞") -> 0 | F4: =COUNTIFS(执行记录!B:B,$A4,执行记录!J:J,"跳过") -> 0 | G4: =IF(B4>0,(C4)/(B4),"")
B5: =COUNTIF(执行记录!B:B,$A5) -> 0 | C5: =COUNTIFS(执行记录!B:B,$A5,执行记录!J:J,"通过") -> 0 | D5: =COUNTIFS(执行记录!B:B,$A5,执行记录!J:J,"失败") -> 0 | E5: =COUNTIFS(执行记录!B:B,$A5,执行记录!J:J,"阻塞") -> 0 | F5: =COUNTIFS(执行记录!B:B,$A5,执行记录!J:J,"跳过") -> 0 | G5: =IF(B5>0,(C5)/(B5),"")
B6: =COUNTIF(执行记录!B:B,$A6) -> 0 | C6: =COUNTIFS(执行记录!B:B,$A6,执行记录!J:J,"通过") -> 0 | D6: =COUNTIFS(执行记录!B:B,$A6,执行记录!J:J,"失败") -> 0 | E6: =COUNTIFS(执行记录!B:B,$A6,执行记录!J:J,"阻塞") -> 0 | F6: =COUNTIFS(执行记录!B:B,$A6,执行记录!J:J,"跳过") -> 0 | G6: =IF(B6>0,(C6)/(B6),"")
B7: =COUNTIF(执行记录!B:B,$A7) -> 0 | C7: =COUNTIFS(执行记录!B:B,$A7,执行记录!J:J,"通过") -> 0 | D7: =COUNTIFS(执行记录!B:B,$A7,执行记录!J:J,"失败") -> 0 | E7: =COUNTIFS(执行记录!B:B,$A7,执行记录!J:J,"阻塞") -> 0 | F7: =COUNTIFS(执行记录!B:B,$A7,执行记录!J:J,"跳过") -> 0 | G7: =IF(B7>0,(C7)/(B7),"")
B8: =COUNTIF(执行记录!B:B,$A8) -> 0 | C8: =COUNTIFS(执行记录!B:B,$A8,执行记录!J:J,"通过") -> 0 | D8: =COUNTIFS(执行记录!B:B,$A8,执行记录!J:J,"失败") -> 0 | E8: =COUNTIFS(执行记录!B:B,$A8,执行记录!J:J,"阻塞") -> 0 | F8: =COUNTIFS(执行记录!B:B,$A8,执行记录!J:J,"跳过") -> 0 | G8: =IF(B8>0,(C8)/(B8),"")
B9: =COUNTIF(执行记录!B:B,$A9) -> 0 | C9: =COUNTIFS(执行记录!B:B,$A9,执行记录!J:J,"通过") -> 0 | D9: =COUNTIFS(执行记录!B:B,$A9,执行记录!J:J,"失败") -> 0 | E9: =COUNTIFS(执行记录!B:B,$A9,执行记录!J:J,"阻塞") -> 0 | F9: =COUNTIFS(执行记录!B:B,$A9,执行记录!J:J,"跳过") -> 0 | G9: =IF(B9>0,(C9)/(B9),"")
B10: =COUNTIF(执行记录!B:B,$A10) -> 0 | C10: =COUNTIFS(执行记录!B:B,$A10,执行记录!J:J,"通过") -> 0 | D10: =COUNTIFS(执行记录!B:B,$A10,执行记录!J:J,"失败") -> 0 | E10: =COUNTIFS(执行记录!B:B,$A10,执行记录!J:J,"阻塞") -> 0 | F10: =COUNTIFS(执行记录!B:B,$A10,执行记录!J:J,"跳过") -> 0 | G10: =IF(B10>0,(C10)/(B10),"")
B11: =COUNTIF(执行记录!B:B,$A11) -> 0 | C11: =COUNTIFS(执行记录!B:B,$A11,执行记录!J:J,"通过") -> 0 | D11: =COUNTIFS(执行记录!B:B,$A11,执行记录!J:J,"失败") -> 0 | E11: =COUNTIFS(执行记录!B:B,$A11,执行记录!J:J,"阻塞") -> 0 | F11: =COUNTIFS(执行记录!B:B,$A11,执行记录!J:J,"跳过") -> 0 | G11: =IF(B11>0,(C11)/(B11),"")
B12: =COUNTIF(执行记录!B:B,$A12) -> 0 | C12: =COUNTIFS(执行记录!B:B,$A12,执行记录!J:J,"通过") -> 0 | D12: =COUNTIFS(执行记录!B:B,$A12,执行记录!J:J,"失败") -> 0 | E12: =COUNTIFS(执行记录!B:B,$A12,执行记录!J:J,"阻塞") -> 0 | F12: =COUNTIFS(执行记录!B:B,$A12,执行记录!J:J,"跳过") -> 0 | G12: =IF(B12>0,(C12)/(B12),"")
B13: =COUNTIF(执行记录!B:B,$A13) -> 0 | C13: =COUNTIFS(执行记录!B:B,$A13,执行记录!J:J,"通过") -> 0 | D13: =COUNTIFS(执行记录!B:B,$A13,执行记录!J:J,"失败") -> 0 | E13: =COUNTIFS(执行记录!B:B,$A13,执行记录!J:J,"阻塞") -> 0 | F13: =COUNTIFS(执行记录!B:B,$A13,执行记录!J:J,"跳过") -> 0 | G13: =IF(B13>0,(C13)/(B13),"")
... B21: =COUNTIF(执行记录!B:B,$A21) -> 0 | C21: =COUNTIFS(执行记录!B:B,$A21,执行记录!J:J,"通过") -> 0 | D21: =COUNTIFS(执行记录!B:B,$A21,执行记录!J:J,"失败") -> 0 | E21: =COUNTIFS(执行记录!B:B,$A21,执行记录!J:J,"阻塞") -> 0 | F21: =COUNTIFS(执行记录!B:B,$A21,执行记录!J:J,"跳过") -> 0 | G21: =IF(B21>0,(C21)/(B21),"")
A23: 总计 | B23: =SUM(B2:B21) -> 0 | C23: =SUM(C2:C21) -> 0 | D23: =SUM(D2:D21) -> 0 | E23: =SUM(E2:E21) -> 0 | F23: =SUM(F2:F21) -> 0 | G23: =IF(B23>0,C23/B23,"")
A25: 提示：在A列填入模块名（与“执行记录”一致），本页自动汇总。

Sheet 风险与建议
A1: 风险点/问题 | B1: 影响 | C1: 优先级 | D1: 建议/缓解措施 | E1: 责任人 | F1: 计划完成日期 | G1: 状态

Sheet 模块覆盖
A1: 模块 | B1: 功能点 | C1: 覆盖情况 | D1: 备注

Sheet 附_Allure粘贴(可选)
A1: 指标 | B1: 数值
A2: 用例总数 | B2: 25
A3: 通过 | B3: 23
A4: 失败 | B4: 0
A5: 阻塞 | B5: 0
A6: 跳过 | B6: 2
A7: 执行总耗时(秒) | B7: 5s 032ms
A8: 生成时间 | B8: 13:27:33 - 13:27:38
